{
  "camera_name": "shark",
  "origin_preset": "TR",
  "image_size_WH": [
    3840,
    2160
  ],
  "calib_size_WH": [
    3840,
    2160
  ],
  "scale_xy": [
    1.0,
    1.0
  ],
  "alpha": 0.0,
  "dot_pattern_cols_rows": [
    10,
    5
  ],
  "dot_spacing_mm": 50.0,
  "mm_per_px_for_rectified": 1.0,
  "distances_mm": {
    "pnp": 2923.8234203408565
  },
  "reprojection_rmse_px": 1138.234375,
  "K_scaled": [
    [
      3009.485395235122,
      0.0,
      1906.5153854844245
    ],
    [
      0.0,
      3012.3907967341224,
      1076.7326075527465
    ],
    [
      0.0,
      0.0,
      1.0
    ]
  ],
  "dist_coeffs": [
    [
      -0.35480072135191876,
      0.1468558492529333,
      -0.0022594214937807144,
      0.0008687891875975975,
      -0.021485056263100138
    ]
  ],
  "H_raw": [
    [
      0.9381229170486228,
      -0.005898810171209128,
      -1940.6112545425215
    ],
    [
      -0.011399520581878061,
      -0.9361627277300595,
      1090.9686481019335
    ],
    [
      -2.9910182311832758e-05,
      2.0654500446252288e-05,
      1.0
    ]
  ],
  "H_undistorted": [
    [
      1.2233805957951998,
      -0.006559478600751511,
      -2500.5803912162446
    ],
    [
      -0.010243084869174404,
      -1.0802172480391,
      1245.2600265154774
    ],
    [
      1.4174587944758322e-05,
      2.1825123160753797e-05,
      0.9999999999999999
    ]
  ],
  "R_pnp": [
    [
      0.9994005306348994,
      -0.0062064049686872845,
      0.034059652142175545
    ],
    [
      -0.008226897492847891,
      -0.9981940187742521,
      0.05950646217807204
    ],
    [
      0.03362881984732029,
      -0.05975099514378651,
      -0.9976466914970468
    ]
  ],
  "t_pnp": [
    [
      166.3016217283715
    ],
    [
      61.33032866876517
    ],
    [
      2940.0560054075854
    ]
  ],
  "raw_image": "raw_shark.jpg",
  "rectified_image": "rectified_shark.jpg",
  "axes_overlay_image": "axes_overlay_shark.jpg",
  "report_path": "Calibration/Results/homography_shark.html"
}