{
  "camera_name": "shark",
  "origin_preset": "TR",
  "image_size_WH": [
    3840,
    2160
  ],
  "calib_size_WH": [
    3840,
    2160
  ],
  "scale_xy": [
    1.0,
    1.0
  ],
  "alpha": 0.0,
  "dot_pattern_cols_rows": [
    10,
    5
  ],
  "dot_spacing_mm": 50.0,
  "mm_per_px_for_rectified": 1.0,
  "distances_mm": {
    "pnp": 3023.93925795733
  },
  "reprojection_rmse_px": 1.9275505542755127,
  "K_scaled": [
    [
      3108.239987221405,
      0.0,
      1887.8617121164632
    ],
    [
      0.0,
      3110.4753695212444,
      993.9829839294672
    ],
    [
      0.0,
      0.0,
      1.0
    ]
  ],
  "dist_coeffs": [
    [
      -0.41215599625330424,
      0.2865249694617308,
      0.0021257743299964217,
      0.0036383598606642606,
      -0.15989593733410565
    ]
  ],
  "H_raw": [
    [
      0.9424761345639925,
      -0.0198358170770042,
      -1921.972011946753
    ],
    [
      -0.021334787013303998,
      -0.9415115782686997,
      1003.5063808021556
    ],
    [
      -2.89888842282668e-05,
      2.417064681011731e-05,
      1.0
    ]
  ],
  "H_undistorted": [
    [
      1.2331701985500028,
      -0.021264819647915486,
      -2499.633649299103
    ],
    [
      -0.026229804516768054,
      -1.0849697182847802,
      1151.0395839771018
    ],
    [
      1.507201944601744e-05,
      2.1793716700735444e-05,
      1.0
    ]
  ],
  "R_pnp": [
    [
      0.9991354537370045,
      -0.01868156530527819,
      0.037139523468859896
    ],
    [
      -0.020931247575038517,
      -0.9979098334093055,
      0.06113793634041407
    ],
    [
      0.035919743327337585,
      -0.061862456326569386,
      -0.9974381226605195
    ]
  ],
  "t_pnp": [
    [
      169.7015650769168
    ],
    [
      24.11174996690262
    ],
    [
      3039.502869375077
    ]
  ],
  "raw_image": "raw_shark.jpg",
  "rectified_image": "rectified_shark.jpg",
  "axes_overlay_image": "axes_overlay_shark.jpg",
  "report_path": "/home/dieter/Dropbox/PythonRepos/PyLorex/PyLorex/Calibration/Results/homography_shark.html"
}