{
  "camera_name": "shark",
  "origin_preset": "TR",
  "image_size_WH": [
    3840,
    2160
  ],
  "calib_size_WH": [
    3840,
    2160
  ],
  "scale_xy": [
    1.0,
    1.0
  ],
  "alpha": 0.0,
  "dot_pattern_cols_rows": [
    10,
    5
  ],
  "dot_spacing_mm": 50.0,
  "mm_per_px_for_rectified": 1.0,
  "distances_mm": {
    "pnp": 2957.6144444487286
  },
  "reprojection_rmse_px": 1.5632187128067017,
  "K_scaled": [
    [
      2313.429843676479,
      0.0,
      1890.26469059693
    ],
    [
      0.0,
      2312.2267980998868,
      1048.0326885982306
    ],
    [
      0.0,
      0.0,
      1.0
    ]
  ],
  "dist_coeffs": [
    [
      -0.4006019712326934,
      0.21179047631332537,
      -0.0010714502380045124,
      0.0004106266357198906,
      -0.06738147265871376
    ]
  ],
  "H_raw": [
    [
      -1.2527478694757852,
      0.05290780862268552,
      2905.300104918956
    ],
    [
      0.0061551418131042986,
      1.2558554699573932,
      -903.6505126060468
    ],
    [
      -4.484052739594593e-05,
      6.128757185119905e-05,
      1.0
    ]
  ],
  "H_undistorted": [
    [
      -1.3349437065436773,
      0.0323293402295348,
      3128.0123348811135
    ],
    [
      0.028170639767819923,
      1.3531940286105075,
      -1013.7433398699461
    ],
    [
      1.4946667566111123e-05,
      2.2936115164448282e-05,
      1.0
    ]
  ],
  "R_pnp": [
    [
      -0.9993590174824367,
      0.014328533598523329,
      0.032806208276099674
    ],
    [
      0.01597005031994437,
      0.9986047426891758,
      0.05033413723770969
    ],
    [
      -0.0320392207975988,
      0.05082579073267957,
      -0.9981934819097351
    ]
  ],
  "t_pnp": [
    [
      600.3336989461351
    ],
    [
      -444.7009866071005
    ],
    [
      2960.2732635245748
    ]
  ],
  "raw_image": "raw_shark.jpg",
  "rectified_image": "rectified_shark.jpg",
  "axes_overlay_image": "axes_overlay_shark.jpg",
  "report_path": "/home/dieter/Dropbox/PythonRepos/PyLorex/PyLorex/Calibration/Results/homography_shark.html"
}