{
  "camera_name": "shark",
  "origin_preset": "TR",
  "image_size_WH": [
    3840,
    2160
  ],
  "calib_size_WH": [
    3840,
    2160
  ],
  "scale_xy": [
    1.0,
    1.0
  ],
  "alpha": 0.0,
  "dot_pattern_cols_rows": [
    10,
    5
  ],
  "dot_spacing_mm": 50.0,
  "mm_per_px_for_rectified": 1.0,
  "distances_mm": {
    "pnp": 2957.387511980705
  },
  "reprojection_rmse_px": 1.5653926134109497,
  "K_scaled": [
    [
      2313.429843676479,
      0.0,
      1890.26469059693
    ],
    [
      0.0,
      2312.2267980998868,
      1048.0326885982306
    ],
    [
      0.0,
      0.0,
      1.0
    ]
  ],
  "dist_coeffs": [
    [
      -0.4006019712326934,
      0.21179047631332537,
      -0.0010714502380045124,
      0.0004106266357198906,
      -0.06738147265871376
    ]
  ],
  "H_raw": [
    [
      1.2324880439167047,
      -0.02524499012817537,
      -2455.169664750592
    ],
    [
      -0.015185416639086692,
      -1.243549417845532,
      1103.735905655982
    ],
    [
      -4.470996554838152e-05,
      6.0853529971977173e-05,
      1.0
    ]
  ],
  "H_undistorted": [
    [
      1.3415408255286145,
      -0.021918802983878775,
      -2677.7882662152647
    ],
    [
      -0.025247197947278154,
      -1.348512009913684,
      1213.7965193404407
    ],
    [
      1.5072924061963558e-05,
      2.2461691136144064e-05,
      1.0
    ]
  ],
  "R_pnp": [
    [
      0.9993495479427151,
      -0.014364239603482525,
      0.03307793293580194
    ],
    [
      -0.015986837356196708,
      -0.99865490057189,
      0.049323529832070084
    ],
    [
      0.03232494482652956,
      -0.04982025877454209,
      -0.9982349621995813
    ]
  ],
  "t_pnp": [
    [
      153.47371960660354
    ],
    [
      -237.80208923099968
    ],
    [
      2955.9522343728463
    ]
  ],
  "raw_image": "raw_shark.jpg",
  "rectified_image": "rectified_shark.jpg",
  "axes_overlay_image": "axes_overlay_shark.jpg",
  "report_path": "/home/dieter/Dropbox/PythonRepos/PyLorex/PyLorex/Calibration/Results/homography_shark.html"
}