{
  "camera_name": "shark",
  "origin_preset": "TR",
  "image_size_WH": [
    3840,
    2160
  ],
  "calib_size_WH": [
    3840,
    2160
  ],
  "scale_xy": [
    1.0,
    1.0
  ],
  "alpha": 0.0,
  "dot_pattern_cols_rows": [
    10,
    5
  ],
  "dot_spacing_mm": 50.0,
  "mm_per_px_for_rectified": 1.0,
  "distances_mm": {
    "pnp": 3046.8960443751325
  },
  "reprojection_rmse_px": 3.029378652572632,
  "K_scaled": [
    [
      2320.5032285648404,
      0.0,
      1887.6330963693583
    ],
    [
      0.0,
      2322.5759019246493,
      1022.8785192392894
    ],
    [
      0.0,
      0.0,
      1.0
    ]
  ],
  "dist_coeffs": [
    [
      -0.38054559025886864,
      0.16694435154531703,
      0.0004460244228180093,
      0.0003303822769810571,
      -0.03808738156215908
    ]
  ],
  "H_raw": [
    [
      1.2929264814604002,
      -0.0315536260926292,
      -2584.997359360671
    ],
    [
      0.005414525552121985,
      -1.4077253014806126,
      534.2733739628404
    ],
    [
      -4.28536683967673e-05,
      0.00014042441038512085,
      1.0
    ]
  ],
  "H_undistorted": [
    [
      1.3528685805450835,
      -0.0163467288082863,
      -2715.6639740383025
    ],
    [
      -0.027083987958561814,
      -1.4384325813419678,
      684.6325049047214
    ],
    [
      1.5660120181749795e-05,
      2.7385112936902895e-05,
      1.0
    ]
  ],
  "R_pnp": [
    [
      0.9993872949970578,
      -0.008224087827976062,
      0.03402056698326284
    ],
    [
      -0.0101780445162738,
      -0.9982840430719377,
      0.057666079785002294
    ],
    [
      0.03348793825080438,
      -0.05797701033464245,
      -0.9977560945764086
    ]
  ],
  "t_pnp": [
    [
      162.40836721761912
    ],
    [
      -849.9780340885361
    ],
    [
      3010.160884315652
    ]
  ],
  "raw_image": "raw_shark.jpg",
  "rectified_image": "rectified_shark.jpg",
  "axes_overlay_image": "axes_overlay_shark.jpg",
  "report_path": "/home/dieter/Dropbox/PythonRepos/PyLorex/PyLorex/Calibration/Results/homography_shark.html"
}