{
  "camera_name": "tiger",
  "origin_preset": "TR",
  "image_size_WH": [
    3840,
    2160
  ],
  "calib_size_WH": [
    3840,
    2160
  ],
  "scale_xy": [
    1.0,
    1.0
  ],
  "alpha": 0.0,
  "dot_pattern_cols_rows": [
    10,
    5
  ],
  "dot_spacing_mm": 50.0,
  "mm_per_px_for_rectified": 1.0,
  "distances_mm": {
    "pnp": 2905.941187229339
  },
  "reprojection_rmse_px": 1.0018905401229858,
  "K_scaled": [
    [
      2295.041721548588,
      0.0,
      1903.400239229494
    ],
    [
      0.0,
      2295.848291472811,
      1029.2596667610023
    ],
    [
      0.0,
      0.0,
      1.0
    ]
  ],
  "dist_coeffs": [
    [
      -0.38977215398938464,
      0.1952272283910713,
      -0.00015460522204589945,
      0.0004285656644948365,
      -0.057907586336262966
    ]
  ],
  "H_raw": [
    [
      1.2050135035834373,
      -0.024916585256573223,
      -2384.2676848699
    ],
    [
      -0.02554987721836001,
      -1.2052930239873223,
      1224.6095665033847
    ],
    [
      -4.285959072899709e-05,
      4.018779910753374e-05,
      1.0
    ]
  ],
  "H_undistorted": [
    [
      1.3188381091047192,
      -0.025170527506757755,
      -2611.663249818239
    ],
    [
      -0.02918178132355115,
      -1.320022527669827,
      1343.3559496209361
    ],
    [
      1.0540442280576423e-05,
      2.1139989195435354e-05,
      1.0
    ]
  ],
  "R_pnp": [
    [
      0.999533667322033,
      -0.01983689008876632,
      0.023215203668576337
    ],
    [
      -0.02090176430215016,
      -0.9986966274445002,
      0.04656353272721623
    ],
    [
      0.022261269928389914,
      -0.04702705734561095,
      -0.9986455285728705
    ]
  ],
  "t_pnp": [
    [
      121.43150136639025
    ],
    [
      -71.06704615185167
    ],
    [
      2909.391799598904
    ]
  ],
  "raw_image": "raw_tiger.jpg",
  "rectified_image": "rectified_tiger.jpg",
  "axes_overlay_image": "axes_overlay_tiger.jpg",
  "report_path": "/home/dieter/Dropbox/PythonRepos/PyLorex/PyLorex/Calibration/Results/homography_tiger.html"
}