{
  "camera_name": "tiger",
  "origin_preset": "TR",
  "image_size_WH": [
    3840,
    2160
  ],
  "calib_size_WH": [
    3840,
    2160
  ],
  "scale_xy": [
    1.0,
    1.0
  ],
  "alpha": 0.0,
  "dot_pattern_cols_rows": [
    10,
    5
  ],
  "dot_spacing_mm": 50.0,
  "mm_per_px_for_rectified": 1.0,
  "distances_mm": {
    "pnp": 3026.133091617367
  },
  "reprojection_rmse_px": 0.8420895934104919,
  "K_scaled": [
    [
      2390.668054630103,
      0.0,
      1897.6788116185535
    ],
    [
      0.0,
      2392.6493068958634,
      1022.1483081624771
    ],
    [
      0.0,
      0.0,
      1.0
    ]
  ],
  "dist_coeffs": [
    [
      -0.3758960760593924,
      0.15290648182282648,
      -0.00010335854684872468,
      -0.00010756433297342852,
      -0.03033771794296975
    ]
  ],
  "H_raw": [
    [
      1.1996444177535606,
      -0.010342263921442569,
      -2387.6827283013295
    ],
    [
      -0.012316863675577414,
      -1.1983451289910017,
      1238.4204537270268
    ],
    [
      -4.066349953754417e-05,
      3.0139033928021817e-05,
      1.0
    ]
  ],
  "H_undistorted": [
    [
      1.8691732597860808,
      -0.010141748975581026,
      -3631.8869597794956
    ],
    [
      -0.017938226946796393,
      -1.4417461450409692,
      1479.982170610422
    ],
    [
      8.341795431302528e-06,
      2.8524208872104193e-05,
      0.9999999999999999
    ]
  ],
  "R_pnp": [
    [
      0.9998869862106311,
      -0.007980037534366371,
      0.012741028513118037
    ],
    [
      -0.008716080823661194,
      -0.9982317477878301,
      0.05879972485929986
    ],
    [
      0.01224927514987677,
      -0.058904131513876544,
      -0.9981884884874692
    ]
  ],
  "t_pnp": [
    [
      128.88571121734455
    ],
    [
      -12.262397776631545
    ],
    [
      3032.5476975900224
    ]
  ],
  "raw_image": "raw_tiger.jpg",
  "rectified_image": "rectified_tiger.jpg",
  "axes_overlay_image": "axes_overlay_tiger.jpg",
  "report_path": "/home/dieter/Dropbox/PythonRepos/PyLorex/PyLorex/Calibration/Results/homography_tiger.html"
}