{
  "camera_name": "tiger",
  "origin_preset": "TR",
  "image_size_WH": [
    3840,
    2160
  ],
  "calib_size_WH": [
    3840,
    2160
  ],
  "scale_xy": [
    1.0,
    1.0
  ],
  "alpha": 0.0,
  "dot_pattern_cols_rows": [
    10,
    5
  ],
  "dot_spacing_mm": 50.0,
  "mm_per_px_for_rectified": 1.0,
  "distances_mm": {
    "pnp": 2946.2233384765627
  },
  "reprojection_rmse_px": 1.6050904989242554,
  "K_scaled": [
    [
      2390.668054630103,
      0.0,
      1897.6788116185535
    ],
    [
      0.0,
      2392.6493068958634,
      1022.1483081624771
    ],
    [
      0.0,
      0.0,
      1.0
    ]
  ],
  "dist_coeffs": [
    [
      -0.3758960760593924,
      0.15290648182282648,
      -0.00010335854684872468,
      -0.00010756433297342852,
      -0.03033771794296975
    ]
  ],
  "H_raw": [
    [
      0.9680720071844751,
      -0.0027411019835843196,
      -1933.864972656751
    ],
    [
      -0.041859715347517944,
      -1.0882946468519696,
      2244.4129444625114
    ],
    [
      -3.675438732070459e-05,
      -0.00010168725090234154,
      1.0
    ]
  ],
  "H_undistorted": [
    [
      1.8572508385899544,
      -0.018782722517030538,
      -3597.1874955027642
    ],
    [
      -0.008145791310189273,
      -1.4164721299149003,
      2784.442664010003
    ],
    [
      9.453510651235287e-06,
      1.6016571754813725e-05,
      1.0
    ]
  ],
  "R_pnp": [
    [
      0.9998434187510591,
      -0.010449840978493946,
      0.014280714398095166
    ],
    [
      -0.010893194791539532,
      -0.9994497702396598,
      0.03132882179599009
    ],
    [
      0.013945475518222743,
      -0.0314794788936462,
      -0.9994071072997005
    ]
  ],
  "t_pnp": [
    [
      141.0463850101943
    ],
    [
      1286.9110404405194
    ],
    [
      2990.3279318733394
    ]
  ],
  "raw_image": "raw_tiger.jpg",
  "rectified_image": "rectified_tiger.jpg",
  "axes_overlay_image": "axes_overlay_tiger.jpg",
  "report_path": "/home/dieter/Dropbox/PythonRepos/PyLorex/PyLorex/Calibration/Results/homography_tiger.html"
}