{
  "camera_name": "shark",
  "origin_preset": "TR",
  "image_size_WH": [
    3840,
    2160
  ],
  "calib_size_WH": [
    3840,
    2160
  ],
  "scale_xy": [
    1.0,
    1.0
  ],
  "alpha": 0.0,
  "dot_pattern_cols_rows": [
    10,
    5
  ],
  "dot_spacing_mm": 50.0,
  "mm_per_px_for_rectified": 1.0,
  "distances_mm": {
    "pnp": 3003.6108095776276
  },
  "reprojection_rmse_px": 1.0325396060943604,
  "K_scaled": [
    [
      2322.97705431745,
      0.0,
      1965.8545174503467
    ],
    [
      0.0,
      2329.508817898629,
      1044.7730315908732
    ],
    [
      0.0,
      0.0,
      1.0
    ]
  ],
  "dist_coeffs": [
    [
      -0.3720678566145846,
      0.1539866096559946,
      -0.00032315801456196176,
      -0.0014758803379119122,
      -0.03216458057759732
    ]
  ],
  "H_raw": [
    [
      1.2237766522391218,
      -0.01953670215313363,
      -2447.924814561705
    ],
    [
      -0.006846570048738135,
      -1.2364062898128096,
      1052.6189945776841
    ],
    [
      -4.800953742280036e-05,
      6.177181509290139e-05,
      1.0
    ]
  ],
  "H_undistorted": [
    [
      1.8688421704163865,
      -0.019758225501805792,
      -3755.579823481574
    ],
    [
      -0.021099281272811705,
      -1.4233637342202898,
      1252.0828618244898
    ],
    [
      -5.709581969251984e-06,
      2.643529862759826e-05,
      1.0
    ]
  ],
  "R_pnp": [
    [
      0.9998797776867212,
      -0.012616477304591946,
      -0.009014137428291697
    ],
    [
      -0.012098672906715114,
      -0.9983933632849645,
      0.05535624863042261
    ],
    [
      -0.009698055838658104,
      -0.05524053447387673,
      -0.9984259767574112
    ]
  ],
  "t_pnp": [
    [
      61.64035574700438
    ],
    [
      -262.1359838369034
    ],
    [
      2993.2557643876985
    ]
  ],
  "raw_image": "raw_shark.jpg",
  "rectified_image": "rectified_shark.jpg",
  "axes_overlay_image": "axes_overlay_shark.jpg",
  "report_path": "/home/dieter/Dropbox/PythonRepos/PyLorex/PyLorex/Calibration/Results/homography_shark.html"
}