{
  "camera_name": "tiger",
  "origin_preset": "TR",
  "image_size_WH": [
    3840,
    2160
  ],
  "calib_size_WH": [
    3840,
    2160
  ],
  "scale_xy": [
    1.0,
    1.0
  ],
  "alpha": 0.0,
  "dot_pattern_cols_rows": [
    10,
    5
  ],
  "dot_spacing_mm": 50.0,
  "mm_per_px_for_rectified": 1.0,
  "distances_mm": {
    "pnp": 2860.7965589970468
  },
  "reprojection_rmse_px": 1.4026013612747192,
  "K_scaled": [
    [
      2295.041721548588,
      0.0,
      1903.400239229494
    ],
    [
      0.0,
      2295.848291472811,
      1029.2596667610023
    ],
    [
      0.0,
      0.0,
      1.0
    ]
  ],
  "dist_coeffs": [
    [
      -0.38977215398938464,
      0.1952272283910713,
      -0.00015460522204589945,
      0.0004285656644948365,
      -0.057907586336262966
    ]
  ],
  "H_raw": [
    [
      1.138433277849266,
      -0.002848672403234162,
      -2249.6505318222676
    ],
    [
      -0.020592621566268315,
      -1.1491579226081459,
      1629.3275038762188
    ],
    [
      -3.627565395545602e-05,
      -2.1548883894910725e-05,
      1.0
    ]
  ],
  "H_undistorted": [
    [
      1.3320537737010245,
      -0.006445916965694547,
      -2628.9013807400747
    ],
    [
      -0.005375088013182894,
      -1.324209147673778,
      1844.9192321208286
    ],
    [
      1.2752808673681174e-05,
      2.3676465435283368e-05,
      1.0
    ]
  ],
  "R_pnp": [
    [
      0.9995929176752103,
      -0.006151883861468494,
      0.027859527248594283
    ],
    [
      -0.007588045478104247,
      -0.9986316895208528,
      0.051741378514195496
    ],
    [
      0.02750309981406433,
      -0.051931714873302934,
      -0.9982718449855909
    ]
  ],
  "t_pnp": [
    [
      97.442512733917
    ],
    [
      448.4073329244502
    ],
    [
      2891.7097976641635
    ]
  ],
  "raw_image": "raw_tiger.jpg",
  "rectified_image": "rectified_tiger.jpg",
  "axes_overlay_image": "axes_overlay_tiger.jpg",
  "report_path": "/home/dieter/Dropbox/PythonRepos/PyLorex/PyLorex/Calibration/Results/homography_tiger.html"
}