{
  "camera_name": "shark",
  "origin_preset": "TR",
  "image_size_WH": [
    3840,
    2160
  ],
  "calib_size_WH": [
    3840,
    2160
  ],
  "scale_xy": [
    1.0,
    1.0
  ],
  "alpha": 0.0,
  "dot_pattern_cols_rows": [
    10,
    5
  ],
  "dot_spacing_mm": 50.0,
  "mm_per_px_for_rectified": 1.0,
  "distances_mm": {
    "pnp": 2963.9579516963117
  },
  "reprojection_rmse_px": 1.6937898397445679,
  "K_scaled": [
    [
      2313.429843676479,
      0.0,
      1890.26469059693
    ],
    [
      0.0,
      2312.2267980998868,
      1048.0326885982306
    ],
    [
      0.0,
      0.0,
      1.0
    ]
  ],
  "dist_coeffs": [
    [
      -0.4006019712326934,
      0.21179047631332537,
      -0.0010714502380045124,
      0.0004106266357198906,
      -0.06738147265871376
    ]
  ],
  "H_raw": [
    [
      1.2304512867342752,
      -0.028116872426207,
      -2458.3863579062104
    ],
    [
      -0.013421974839126858,
      -1.2475818351972567,
      1030.5812997673856
    ],
    [
      -4.7818342596611096e-05,
      6.813296647486988e-05,
      1.0
    ]
  ],
  "H_undistorted": [
    [
      1.340610690053398,
      -0.022982982118822718,
      -2685.6135079945493
    ],
    [
      -0.027329053282439765,
      -1.3490927505556516,
      1138.7604469230475
    ],
    [
      1.5016859414920468e-05,
      2.1843899015423216e-05,
      1.0
    ]
  ],
  "R_pnp": [
    [
      0.9993417866935861,
      -0.01512382359024643,
      0.03297367629004552
    ],
    [
      -0.016697911989968547,
      -0.9987078967503931,
      0.04799704890492387
    ],
    [
      0.03220517199526916,
      -0.04851604815334298,
      -0.9983030701987937
    ]
  ],
  "t_pnp": [
    [
      162.50508270113156
    ],
    [
      -314.02372871750225
    ],
    [
      2959.2657957427114
    ]
  ],
  "raw_image": "raw_shark.jpg",
  "rectified_image": "rectified_shark.jpg",
  "axes_overlay_image": "axes_overlay_shark.jpg",
  "report_path": "/home/dieter/Dropbox/PythonRepos/PyLorex/PyLorex/Calibration/Results/homography_shark.html"
}