{
  "camera_name": "tiger",
  "origin_preset": "TR",
  "image_size_WH": [
    3840,
    2160
  ],
  "calib_size_WH": [
    3840,
    2160
  ],
  "scale_xy": [
    1.0,
    1.0
  ],
  "alpha": 0.0,
  "dot_pattern_cols_rows": [
    10,
    5
  ],
  "dot_spacing_mm": 50.0,
  "mm_per_px_for_rectified": 1.0,
  "distances_mm": {
    "pnp": 2858.878907151209
  },
  "reprojection_rmse_px": 1.4283705949783325,
  "K_scaled": [
    [
      2295.041721548588,
      0.0,
      1903.400239229494
    ],
    [
      0.0,
      2295.848291472811,
      1029.2596667610023
    ],
    [
      0.0,
      0.0,
      1.0
    ]
  ],
  "dist_coeffs": [
    [
      -0.38977215398938464,
      0.1952272283910713,
      -0.00015460522204589945,
      0.0004285656644948365,
      -0.057907586336262966
    ]
  ],
  "H_raw": [
    [
      1.1271043236432785,
      -0.01830044903780303,
      -2232.2320294951614
    ],
    [
      -0.03761986826732595,
      -1.1374559362691412,
      1654.4843737489098
    ],
    [
      -3.989421846728152e-05,
      -2.2334411501366056e-05,
      0.9999999999999999
    ]
  ],
  "H_undistorted": [
    [
      1.330432526766734,
      -0.025814494172313806,
      -2630.3121295081783
    ],
    [
      -0.0236149809077893,
      -1.322652862115411,
      1887.6294798192562
    ],
    [
      1.2720268952573642e-05,
      2.3117077078848914e-05,
      1.0
    ]
  ],
  "R_pnp": [
    [
      0.9994128741477855,
      -0.020025044845936604,
      0.027801161245186518
    ],
    [
      -0.021412579172204398,
      -0.9984923171645645,
      0.05054299176476062
    ],
    [
      0.026747120234834842,
      -0.05110861123388904,
      -0.9983348643701102
    ]
  ],
  "t_pnp": [
    [
      127.27456211090157
    ],
    [
      455.96176027402225
    ],
    [
      2890.2756602515287
    ]
  ],
  "raw_image": "raw_tiger.jpg",
  "rectified_image": "rectified_tiger.jpg",
  "axes_overlay_image": "axes_overlay_tiger.jpg",
  "report_path": "/home/dieter/Dropbox/PythonRepos/PyLorex/PyLorex/Calibration/Results/homography_tiger.html"
}