{
  "camera_name": "tiger",
  "origin_preset": "TR",
  "image_size_WH": [
    3840,
    2160
  ],
  "calib_size_WH": [
    3840,
    2160
  ],
  "scale_xy": [
    1.0,
    1.0
  ],
  "alpha": 0.0,
  "dot_pattern_cols_rows": [
    10,
    5
  ],
  "dot_spacing_mm": 50.0,
  "mm_per_px_for_rectified": 1.0,
  "distances_mm": {
    "pnp": 2959.445761444832
  },
  "reprojection_rmse_px": 1.6795772314071655,
  "K_scaled": [
    [
      2390.668054630103,
      0.0,
      1897.6788116185535
    ],
    [
      0.0,
      2392.6493068958634,
      1022.1483081624771
    ],
    [
      0.0,
      0.0,
      1.0
    ]
  ],
  "dist_coeffs": [
    [
      -0.3758960760593924,
      0.15290648182282648,
      -0.00010335854684872468,
      -0.00010756433297342852,
      -0.03033771794296975
    ]
  ],
  "H_raw": [
    [
      1.0183354938058697,
      -0.010748614617548825,
      -2019.4962163726398
    ],
    [
      -0.04167380168177355,
      -1.097924930716521,
      2092.314780934298
    ],
    [
      -3.603178992278135e-05,
      -8.256552865203737e-05,
      1.0
    ]
  ],
  "H_undistorted": [
    [
      1.862720109203645,
      -0.02647451156940251,
      -3593.089592382208
    ],
    [
      -0.017315870697267408,
      -1.4230596544880418,
      2574.556131329633
    ],
    [
      1.2537207185573245e-05,
      1.4449091326465265e-05,
      1.0
    ]
  ],
  "R_pnp": [
    [
      0.9996741159388137,
      -0.016015665085096914,
      0.019878641649624825
    ],
    [
      -0.01659464407316416,
      -0.9994325869087543,
      0.029310783219839747
    ],
    [
      0.019397930560685814,
      -0.029631110285601,
      -0.9993726620201322
    ]
  ],
  "t_pnp": [
    [
      137.34314422640463
    ],
    [
      1058.85511585923
    ],
    [
      2995.090763543232
    ]
  ],
  "raw_image": "raw_tiger.jpg",
  "rectified_image": "rectified_tiger.jpg",
  "axes_overlay_image": "axes_overlay_tiger.jpg",
  "report_path": "/home/dieter/Dropbox/PythonRepos/PyLorex/PyLorex/Calibration/Results/homography_tiger.html"
}