{
  "camera_name": "tiger",
  "origin_preset": "TR",
  "image_size_WH": [
    3840,
    2160
  ],
  "calib_size_WH": [
    3840,
    2160
  ],
  "scale_xy": [
    1.0,
    1.0
  ],
  "alpha": 0.0,
  "dot_pattern_cols_rows": [
    10,
    5
  ],
  "dot_spacing_mm": 50.0,
  "mm_per_px_for_rectified": 1.0,
  "distances_mm": {
    "pnp": 2860.171978383341
  },
  "reprojection_rmse_px": 1.4034724235534668,
  "K_scaled": [
    [
      2295.041721548588,
      0.0,
      1903.400239229494
    ],
    [
      0.0,
      2295.848291472811,
      1029.2596667610023
    ],
    [
      0.0,
      0.0,
      1.0
    ]
  ],
  "dist_coeffs": [
    [
      -0.38977215398938464,
      0.1952272283910713,
      -0.00015460522204589945,
      0.0004285656644948365,
      -0.057907586336262966
    ]
  ],
  "H_raw": [
    [
      1.131738613114484,
      -0.0008062206199370603,
      -2256.7438596922184
    ],
    [
      -0.019669511661071795,
      -1.141335553628837,
      1616.4001863609753
    ],
    [
      -3.8779269867974704e-05,
      -2.1592197195346047e-05,
      0.9999999999999999
    ]
  ],
  "H_undistorted": [
    [
      1.3296445403778625,
      -0.004864480340253811,
      -2647.0964865328638
    ],
    [
      -0.0031526131923927153,
      -1.322070008104522,
      1836.9372787469508
    ],
    [
      1.2438331097291767e-05,
      2.2978367339385797e-05,
      0.9999999999999999
    ]
  ],
  "R_pnp": [
    [
      0.9996196831563801,
      -0.004499220738655031,
      0.027207463297490464
    ],
    [
      -0.005863509480093149,
      -0.998718255102161,
      0.050273911547362
    ],
    [
      0.026946396844778564,
      -0.05041432275097998,
      -0.9983648069511685
    ]
  ],
  "t_pnp": [
    [
      117.06449563984023
    ],
    [
      447.6070610293814
    ],
    [
      2890.586631312635
    ]
  ],
  "raw_image": "raw_tiger.jpg",
  "rectified_image": "rectified_tiger.jpg",
  "axes_overlay_image": "axes_overlay_tiger.jpg",
  "report_path": "/home/dieter/Dropbox/PythonRepos/PyLorex/PyLorex/Calibration/Results/homography_tiger.html"
}