{
  "camera_name": "shark",
  "origin_preset": "TR",
  "image_size_WH": [
    3840,
    2160
  ],
  "calib_size_WH": [
    3840,
    2160
  ],
  "scale_xy": [
    1.0,
    1.0
  ],
  "alpha": 0.0,
  "dot_pattern_cols_rows": [
    10,
    5
  ],
  "dot_spacing_mm": 50.0,
  "mm_per_px_for_rectified": 1.0,
  "distances_mm": {
    "pnp": 3068.604610119782
  },
  "reprojection_rmse_px": 4.244406700134277,
  "K_scaled": [
    [
      2320.5032285648404,
      0.0,
      1887.6330963693583
    ],
    [
      0.0,
      2322.5759019246493,
      1022.8785192392894
    ],
    [
      0.0,
      0.0,
      1.0
    ]
  ],
  "dist_coeffs": [
    [
      -0.38054559025886864,
      0.16694435154531703,
      0.0004460244228180093,
      0.0003303822769810571,
      -0.03808738156215908
    ]
  ],
  "H_raw": [
    [
      1.2748709098391693,
      -0.0433117081882702,
      -2544.9608682291273
    ],
    [
      0.00024273309487700132,
      -1.4521542056250585,
      340.60629673605393
    ],
    [
      -5.042798693655142e-05,
      0.00015860433036017825,
      0.9999999999999999
    ]
  ],
  "H_undistorted": [
    [
      1.3714859996485906,
      -0.02304566478501601,
      -2750.4606686603247
    ],
    [
      -0.04202719027346658,
      -1.4674274748687746,
      486.3813564049743
    ],
    [
      2.1680176962086578e-05,
      2.830809804301953e-05,
      1.0
    ]
  ],
  "R_pnp": [
    [
      0.9987840306106428,
      -0.0107715675811448,
      0.04810855983088653
    ],
    [
      -0.013503896283041163,
      -0.9982921914973788,
      0.056836125664383466
    ],
    [
      0.04741418545471413,
      -0.05741666767764873,
      -0.9972237568823059
    ]
  ],
  "t_pnp": [
    [
      159.8546055628232
    ],
    [
      -1078.3648907456516
    ],
    [
      3023.398592066536
    ]
  ],
  "raw_image": "raw_shark.jpg",
  "rectified_image": "rectified_shark.jpg",
  "axes_overlay_image": "axes_overlay_shark.jpg",
  "report_path": "/home/dieter/Dropbox/PythonRepos/PyLorex/PyLorex/Calibration/Results/homography_shark.html"
}