{
  "camera_name": "shark",
  "origin_preset": "TR",
  "image_size_WH": [
    3840,
    2160
  ],
  "calib_size_WH": [
    3840,
    2160
  ],
  "scale_xy": [
    1.0,
    1.0
  ],
  "alpha": 0.0,
  "dot_pattern_cols_rows": [
    10,
    5
  ],
  "dot_spacing_mm": 50.0,
  "mm_per_px_for_rectified": 1.0,
  "distances_mm": {
    "pnp": 2957.5973191195912
  },
  "reprojection_rmse_px": 1.6062061786651611,
  "K_scaled": [
    [
      2313.429843676479,
      0.0,
      1890.26469059693
    ],
    [
      0.0,
      2312.2267980998868,
      1048.0326885982306
    ],
    [
      0.0,
      0.0,
      1.0
    ]
  ],
  "dist_coeffs": [
    [
      -0.4006019712326934,
      0.21179047631332537,
      -0.0010714502380045124,
      0.0004106266357198906,
      -0.06738147265871376
    ]
  ],
  "H_raw": [
    [
      1.2351627036190043,
      -0.027008523189171466,
      -2457.742535627998
    ],
    [
      -0.01713451130850079,
      -1.2461200164590525,
      1109.8629929220576
    ],
    [
      -4.419458072573503e-05,
      6.201435393285319e-05,
      1.0
    ]
  ],
  "H_undistorted": [
    [
      1.3440123074327395,
      -0.02386205766699049,
      -2679.679894670904
    ],
    [
      -0.027335681677729894,
      -1.3507977546118906,
      1219.952347639545
    ],
    [
      1.5538194919447363e-05,
      2.3561749547653956e-05,
      0.9999999999999999
    ]
  ],
  "R_pnp": [
    [
      0.9992976125724627,
      -0.015684434658431078,
      0.034033513136636155
    ],
    [
      -0.017430666232528917,
      -0.9985139312474192,
      0.051634300416627234
    ],
    [
      0.033173082185204865,
      -0.052191259941390004,
      -0.9980859777614671
    ]
  ],
  "t_pnp": [
    [
      152.13389049229815
    ],
    [
      -237.83721045407333
    ],
    [
      2956.1525536335007
    ]
  ],
  "raw_image": "raw_shark.jpg",
  "rectified_image": "rectified_shark.jpg",
  "axes_overlay_image": "axes_overlay_shark.jpg",
  "report_path": "/home/dieter/Dropbox/PythonRepos/PyLorex/PyLorex/Calibration/Results/homography_shark.html"
}