{
  "camera_name": "tiger",
  "origin_preset": "TR",
  "image_size_WH": [
    3840,
    2160
  ],
  "calib_size_WH": [
    3840,
    2160
  ],
  "scale_xy": [
    1.0,
    1.0
  ],
  "alpha": 0.0,
  "dot_pattern_cols_rows": [
    10,
    5
  ],
  "dot_spacing_mm": 50.0,
  "mm_per_px_for_rectified": 1.0,
  "distances_mm": {
    "pnp": 2848.68749164444
  },
  "reprojection_rmse_px": 1.6370214223861694,
  "K_scaled": [
    [
      2295.041721548588,
      0.0,
      1903.400239229494
    ],
    [
      0.0,
      2295.848291472811,
      1029.2596667610023
    ],
    [
      0.0,
      0.0,
      1.0
    ]
  ],
  "dist_coeffs": [
    [
      -0.38977215398938464,
      0.1952272283910713,
      -0.00015460522204589945,
      0.0004285656644948365,
      -0.057907586336262966
    ]
  ],
  "H_raw": [
    [
      1.1236775023927317,
      -0.01511030898048267,
      -2218.694051689384
    ],
    [
      -0.04119434256077838,
      -1.148101831602322,
      1824.893325275753
    ],
    [
      -3.493163927221782e-05,
      -3.298805582895731e-05,
      1.0
    ]
  ],
  "H_undistorted": [
    [
      1.3273580370882148,
      -0.025749687762829928,
      -2610.9071099680295
    ],
    [
      -0.022101394392741724,
      -1.317511666230692,
      2054.9749484072668
    ],
    [
      1.2562554599235767e-05,
      2.0890384319052495e-05,
      1.0
    ]
  ],
  "R_pnp": [
    [
      0.9994090949639529,
      -0.020575195712222747,
      0.027534019407554546
    ],
    [
      -0.021822681816036315,
      -0.9987121863091555,
      0.045801085969033054
    ],
    [
      0.026556194412752324,
      -0.04637488802132518,
      -0.9985710481980347
    ]
  ],
  "t_pnp": [
    [
      117.76842618789385
    ],
    [
      624.8819073514508
    ],
    [
      2884.6724576422193
    ]
  ],
  "raw_image": "raw_tiger.jpg",
  "rectified_image": "rectified_tiger.jpg",
  "axes_overlay_image": "axes_overlay_tiger.jpg",
  "report_path": "/home/dieter/Dropbox/PythonRepos/PyLorex/PyLorex/Calibration/Results/homography_tiger.html"
}