{
  "camera_name": "tiger",
  "origin_preset": "TR",
  "image_size_WH": [
    3840,
    2160
  ],
  "calib_size_WH": [
    3840,
    2160
  ],
  "scale_xy": [
    1.0,
    1.0
  ],
  "alpha": 0.0,
  "dot_pattern_cols_rows": [
    10,
    5
  ],
  "dot_spacing_mm": 50.0,
  "mm_per_px_for_rectified": 1.0,
  "distances_mm": {
    "pnp": 2906.900388934563
  },
  "reprojection_rmse_px": 0.728901207447052,
  "K_scaled": [
    [
      2278.441918837194,
      0.0,
      1913.980507855484
    ],
    [
      0.0,
      2279.9892970317987,
      1018.1876625556353
    ],
    [
      0.0,
      0.0,
      1.0
    ]
  ],
  "dist_coeffs": [
    [
      -0.3721522380038824,
      0.1597766101374313,
      0.0005296644583234752,
      2.9867688642751513e-05,
      -0.03585913061113615
    ]
  ],
  "H_raw": [
    [
      1.2010880056073887,
      -0.024173571994606832,
      -2371.0292447276706
    ],
    [
      -0.01857062292798399,
      -1.2028561412590664,
      1173.9515669636323
    ],
    [
      -4.5477085228972526e-05,
      3.825249929575615e-05,
      1.0
    ]
  ],
  "H_undistorted": [
    [
      1.3125391685840726,
      -0.025022631984385767,
      -2591.3395802287073
    ],
    [
      -0.022858858264923655,
      -1.367931333468252,
      1403.850259486751
    ],
    [
      5.596568760311577e-06,
      1.9097062697330936e-05,
      0.9999999999999999
    ]
  ],
  "R_pnp": [
    [
      0.9997859479970206,
      -0.01659099992378641,
      0.012361104692845433
    ],
    [
      -0.017079759959026497,
      -0.9990317661014477,
      0.04054395293954677
    ],
    [
      0.011676471532128247,
      -0.04074639912619356,
      -0.9991012916470523
    ]
  ],
  "t_pnp": [
    [
      100.93694848991422
    ],
    [
      -93.1406525282365
    ],
    [
      2906.984321981413
    ]
  ],
  "raw_image": "raw_tiger.jpg",
  "rectified_image": "rectified_tiger.jpg",
  "axes_overlay_image": "axes_overlay_tiger.jpg",
  "report_path": "/home/dieter/Dropbox/PythonRepos/PyLorex/PyLorex/Calibration/Results/homography_tiger.html"
}