{
  "camera_name": "shark",
  "origin_preset": "TR",
  "image_size_WH": [
    3840,
    2160
  ],
  "calib_size_WH": [
    3840,
    2160
  ],
  "scale_xy": [
    1.0,
    1.0
  ],
  "alpha": 0.0,
  "dot_pattern_cols_rows": [
    10,
    5
  ],
  "dot_spacing_mm": 50.0,
  "mm_per_px_for_rectified": 1.0,
  "distances_mm": {
    "pnp": 2957.9801040189473
  },
  "reprojection_rmse_px": 1.6006066799163818,
  "K_scaled": [
    [
      2313.429843676479,
      0.0,
      1890.26469059693
    ],
    [
      0.0,
      2312.2267980998868,
      1048.0326885982306
    ],
    [
      0.0,
      0.0,
      1.0
    ]
  ],
  "dist_coeffs": [
    [
      -0.4006019712326934,
      0.21179047631332537,
      -0.0010714502380045124,
      0.0004106266357198906,
      -0.06738147265871376
    ]
  ],
  "H_raw": [
    [
      1.2239648818675233,
      -0.024333040492508524,
      -2448.270136127742
    ],
    [
      -0.012472930260830807,
      -1.235556889715545,
      1079.2754139634785
    ],
    [
      -4.766089903986731e-05,
      6.09141658018275e-05,
      1.0
    ]
  ],
  "H_undistorted": [
    [
      1.341110573987871,
      -0.020219913223150844,
      -2688.791172612728
    ],
    [
      -0.023427627194963108,
      -1.3485761326974783,
      1196.927111038914
    ],
    [
      1.4941343765797248e-05,
      2.2578088407934093e-05,
      1.0
    ]
  ],
  "R_pnp": [
    [
      0.9993785760885835,
      -0.012903681520938967,
      0.03280177828048171
    ],
    [
      -0.014521627618846853,
      -0.9986648257040146,
      0.04957507673084924
    ],
    [
      0.03211828118774801,
      -0.05002060480218351,
      -0.9982316139597907
    ]
  ],
  "t_pnp": [
    [
      163.20702375943094
    ],
    [
      -250.56790940268462
    ],
    [
      2956.1392566856325
    ]
  ],
  "raw_image": "raw_shark.jpg",
  "rectified_image": "rectified_shark.jpg",
  "axes_overlay_image": "axes_overlay_shark.jpg",
  "report_path": "/home/dieter/Dropbox/PythonRepos/PyLorex/PyLorex/Calibration/Results/homography_shark.html"
}