{
  "camera_name": "tiger",
  "origin_preset": "TR",
  "image_size_WH": [
    3840,
    2160
  ],
  "calib_size_WH": [
    3840,
    2160
  ],
  "scale_xy": [
    1.0,
    1.0
  ],
  "alpha": 0.0,
  "dot_pattern_cols_rows": [
    10,
    5
  ],
  "dot_spacing_mm": 50.0,
  "mm_per_px_for_rectified": 1.0,
  "distances_mm": {
    "pnp": 2855.7107322862926
  },
  "reprojection_rmse_px": 873.9154052734375,
  "K_scaled": [
    [
      2262.695540897885,
      0.0,
      1909.364467182142
    ],
    [
      0.0,
      2261.192807737256,
      1050.8819465159127
    ],
    [
      0.0,
      0.0,
      1.0
    ]
  ],
  "dist_coeffs": [
    [
      -0.370582137520404,
      0.17128434731467365,
      -0.0013334384125102989,
      0.0010960744126611028,
      -0.044124339565838715
    ]
  ],
  "H_raw": [
    [
      1.188031653497089,
      -0.019369070690057576,
      -2404.9124390263
    ],
    [
      -0.023701628745856,
      -1.1842555654114626,
      1387.8129540719706
    ],
    [
      -4.262493784811454e-05,
      1.9928994954415433e-05,
      1.0
    ]
  ],
  "H_undistorted": [
    [
      1.3441252237220562,
      -0.02215978576437137,
      -2720.8788181083237
    ],
    [
      -0.01979272922046719,
      -1.3438876377279332,
      1560.0956045190671
    ],
    [
      1.5703869495640247e-05,
      2.3697200780349957e-05,
      1.0
    ]
  ],
  "R_pnp": [
    [
      0.999335862222996,
      -0.014072882838337174,
      0.03361232576956843
    ],
    [
      -0.015768456496410902,
      -0.9985881923056957,
      0.0507245302330508
    ],
    [
      0.03285103125842407,
      -0.05122085665294288,
      -0.9981468998043308
    ]
  ],
  "t_pnp": [
    [
      169.82309197715404
    ],
    [
      101.45608243559884
    ],
    [
      2871.88708802261
    ]
  ],
  "raw_image": "raw_tiger.jpg",
  "rectified_image": "rectified_tiger.jpg",
  "axes_overlay_image": "axes_overlay_tiger.jpg",
  "report_path": "Calibration/Results/homography_tiger.html"
}