{
  "camera_name": "tiger",
  "origin_preset": "TR",
  "image_size_WH": [
    3840,
    2160
  ],
  "calib_size_WH": [
    3840,
    2160
  ],
  "scale_xy": [
    1.0,
    1.0
  ],
  "alpha": 0.0,
  "dot_pattern_cols_rows": [
    10,
    5
  ],
  "dot_spacing_mm": 50.0,
  "mm_per_px_for_rectified": 1.0,
  "distances_mm": {
    "pnp": 2867.3440209840633
  },
  "reprojection_rmse_px": 1.1991034746170044,
  "K_scaled": [
    [
      2295.041721548588,
      0.0,
      1903.400239229494
    ],
    [
      0.0,
      2295.848291472811,
      1029.2596667610023
    ],
    [
      0.0,
      0.0,
      1.0
    ]
  ],
  "dist_coeffs": [
    [
      -0.38977215398938464,
      0.1952272283910713,
      -0.00015460522204589945,
      0.0004285656644948365,
      -0.057907586336262966
    ]
  ],
  "H_raw": [
    [
      1.1604202612763874,
      0.004786841049987001,
      -2264.055365743782
    ],
    [
      -0.009134044106123201,
      -1.1686796292252877,
      1590.8900990263623
    ],
    [
      -3.128449480005072e-05,
      -1.6187720294408336e-05,
      1.0
    ]
  ],
  "H_undistorted": [
    [
      1.3284261125710044,
      0.004185966905768786,
      -2590.5425397574236
    ],
    [
      0.004274331658645799,
      -1.3210771658812053,
      1772.342384192268
    ],
    [
      1.1699190059168462e-05,
      2.3200938080554718e-05,
      1.0
    ]
  ],
  "R_pnp": [
    [
      0.999670306981628,
      0.0015903166572902474,
      0.025627099566395212
    ],
    [
      0.0002856279123273456,
      -0.9987070780271586,
      0.050833952385689635
    ],
    [
      0.025674807807500487,
      -0.0508098729715437,
      -0.9983782655149617
    ]
  ],
  "t_pnp": [
    [
      53.96431357655726
    ],
    [
      401.6319159240154
    ],
    [
      2893.8365420260443
    ]
  ],
  "raw_image": "raw_tiger.jpg",
  "rectified_image": "rectified_tiger.jpg",
  "axes_overlay_image": "axes_overlay_tiger.jpg",
  "report_path": "/home/dieter/Dropbox/PythonRepos/PyLorex/PyLorex/Calibration/Results/homography_tiger.html"
}