{
  "camera_name": "shark",
  "origin_preset": "TR",
  "image_size_WH": [
    3840,
    2160
  ],
  "calib_size_WH": [
    3840,
    2160
  ],
  "scale_xy": [
    1.0,
    1.0
  ],
  "alpha": 0.0,
  "dot_pattern_cols_rows": [
    10,
    5
  ],
  "dot_spacing_mm": 50.0,
  "mm_per_px_for_rectified": 1.0,
  "distances_mm": {
    "pnp": 2955.1165855654062
  },
  "reprojection_rmse_px": 1124.406005859375,
  "K_scaled": [
    [
      3009.485395235122,
      0.0,
      1906.5153854844245
    ],
    [
      0.0,
      3012.3907967341224,
      1076.7326075527465
    ],
    [
      0.0,
      0.0,
      1.0
    ]
  ],
  "dist_coeffs": [
    [
      -0.35480072135191876,
      0.1468558492529333,
      -0.0022594214937807144,
      0.0008687891875975975,
      -0.021485056263100138
    ]
  ],
  "H_raw": [
    [
      0.9491627549414102,
      -0.021310532539264414,
      -1986.1667366516763
    ],
    [
      -0.015561394419555875,
      -0.9544657471539192,
      844.1378072926507
    ],
    [
      -3.519183879511945e-05,
      4.801049507493098e-05,
      1.0
    ]
  ],
  "H_undistorted": [
    [
      1.2209970558136225,
      -0.019404127821950376,
      -2523.748989134118
    ],
    [
      -0.026828394265874907,
      -1.0827015989215543,
      983.2733996613032
    ],
    [
      1.2662012276552903e-05,
      2.548309539618062e-05,
      1.0
    ]
  ],
  "R_pnp": [
    [
      0.9993977166794517,
      -0.016717236892715284,
      0.030409503227964037
    ],
    [
      -0.01879572601857737,
      -0.9974117922925277,
      0.0694005567646415
    ],
    [
      0.02917061156940817,
      -0.06993032665789924,
      -0.9971252804107347
    ]
  ],
  "t_pnp": [
    [
      202.40361532784482
    ],
    [
      -223.54321904440553
    ],
    [
      2954.2501960064787
    ]
  ],
  "raw_image": "raw_shark.jpg",
  "rectified_image": "rectified_shark.jpg",
  "axes_overlay_image": "axes_overlay_shark.jpg",
  "report_path": "Calibration/Results/homography_shark.html"
}