{
  "camera_name": "tiger",
  "origin_preset": "TR",
  "image_size_WH": [
    3840,
    2160
  ],
  "calib_size_WH": [
    3840,
    2160
  ],
  "scale_xy": [
    1.0,
    1.0
  ],
  "alpha": 0.0,
  "dot_pattern_cols_rows": [
    10,
    5
  ],
  "dot_spacing_mm": 50.0,
  "mm_per_px_for_rectified": 1.0,
  "distances_mm": {
    "pnp": 2900.313826445544
  },
  "reprojection_rmse_px": 880.02587890625,
  "K_scaled": [
    [
      2262.695540897885,
      0.0,
      1909.364467182142
    ],
    [
      0.0,
      2261.192807737256,
      1050.8819465159127
    ],
    [
      0.0,
      0.0,
      1.0
    ]
  ],
  "dist_coeffs": [
    [
      -0.370582137520404,
      0.17128434731467365,
      -0.0013334384125102989,
      0.0010960744126611028,
      -0.044124339565838715
    ]
  ],
  "H_raw": [
    [
      1.4303255183735286,
      0.038495611261971034,
      -2466.6408276184675
    ],
    [
      0.018210975588028384,
      -1.420674358612763,
      1409.4748024488144
    ],
    [
      3.1536602081515074e-05,
      4.9853680144831276e-05,
      1.0
    ]
  ],
  "H_undistorted": [
    [
      1.3759159222196402,
      0.03228209406776054,
      -2367.1847888570624
    ],
    [
      0.017526244693829428,
      -1.3693945004596542,
      1358.6314056582141
    ],
    [
      2.1223533080961003e-05,
      3.074672852370805e-05,
      1.0
    ]
  ],
  "R_pnp": [
    [
      0.9988616408163733,
      0.016589274444135067,
      0.0447238021532081
    ],
    [
      0.013677435830908177,
      -0.9978146106864528,
      0.06464464749485448
    ],
    [
      0.04569847103255779,
      -0.06395935173264168,
      -0.9969056379975122
    ]
  ],
  "t_pnp": [
    [
      -272.7472402597921
    ],
    [
      -47.859155069355495
    ],
    [
      2893.976706181163
    ]
  ],
  "raw_image": "raw_tiger.jpg",
  "rectified_image": "rectified_tiger.jpg",
  "axes_overlay_image": "axes_overlay_tiger.jpg",
  "report_path": "Calibration/Results/homography_tiger.html"
}