{
  "camera_name": "shark",
  "origin_preset": "TR",
  "image_size_WH": [
    3840,
    2160
  ],
  "calib_size_WH": [
    3840,
    2160
  ],
  "scale_xy": [
    1.0,
    1.0
  ],
  "alpha": 0.0,
  "dot_pattern_cols_rows": [
    10,
    5
  ],
  "dot_spacing_mm": 50.0,
  "mm_per_px_for_rectified": 1.0,
  "distances_mm": {
    "pnp": 2973.576119778129
  },
  "reprojection_rmse_px": 1.7399933338165283,
  "K_scaled": [
    [
      2313.429843676479,
      0.0,
      1890.26469059693
    ],
    [
      0.0,
      2312.2267980998868,
      1048.0326885982306
    ],
    [
      0.0,
      0.0,
      1.0
    ]
  ],
  "dist_coeffs": [
    [
      -0.4006019712326934,
      0.21179047631332537,
      -0.0010714502380045124,
      0.0004106266357198906,
      -0.06738147265871376
    ]
  ],
  "H_raw": [
    [
      1.278021351952829,
      0.0024232271437948185,
      -2486.9098719849653
    ],
    [
      0.009104702463920438,
      -1.3025071889885511,
      989.7208650964499
    ],
    [
      -3.2394948988820965e-05,
      7.32480344812171e-05,
      1.0
    ]
  ],
  "H_undistorted": [
    [
      1.3469889227233203,
      0.0060961902200763595,
      -2624.3189265616443
    ],
    [
      -0.0013527678851143117,
      -1.3542492047861592,
      1048.3568127301005
    ],
    [
      1.6391427172630787e-05,
      2.2027686127757628e-05,
      1.0
    ]
  ],
  "R_pnp": [
    [
      0.9993424077210509,
      0.0051564907747079485,
      0.03589098400967862
    ],
    [
      0.0034202385166975055,
      -0.9988284648278186,
      0.04827007166135095
    ],
    [
      0.036097840638763326,
      -0.04811557390901005,
      -0.998189279369712
    ]
  ],
  "t_pnp": [
    [
      70.03148687427358
    ],
    [
      -354.672586804676
    ],
    [
      2964.3371339759483
    ]
  ],
  "raw_image": "raw_shark.jpg",
  "rectified_image": "rectified_shark.jpg",
  "axes_overlay_image": "axes_overlay_shark.jpg",
  "report_path": "/home/dieter/Dropbox/PythonRepos/PyLorex/PyLorex/Calibration/Results/homography_shark.html"
}